event_id,event_date,entity_id,event_type,severity,estimated_impact
EV0001,2026-01-01,UTI007,experiment,Low,2470
EV0002,2026-01-02,UTI035,launch,Medium,3024
EV0003,2026-01-03,UTI020,stakeholder_request,Medium,32927
EV0004,2026-01-04,UTI024,experiment,Medium,5123
EV0005,2026-01-05,UTI003,qa_check,High,8852
EV0006,2026-01-06,UTI019,handoff,Medium,43174
EV0007,2026-01-07,UTI007,launch,High,15290
EV0008,2026-01-08,UTI025,qa_check,Low,10896
EV0009,2026-01-09,UTI005,launch,Medium,32682
EV0010,2026-01-10,UTI018,exception,Medium,12488
EV0011,2026-01-11,UTI015,exception,Medium,39960
EV0012,2026-01-12,UTI017,qa_check,Medium,42465
EV0013,2026-01-13,UTI034,exception,Medium,17872
EV0014,2026-01-14,UTI008,handoff,Low,29206
EV0015,2026-01-15,UTI001,exception,Low,7018
EV0016,2026-01-16,UTI002,exception,Low,36235
EV0017,2026-01-17,UTI005,experiment,Medium,14604
EV0018,2026-01-18,UTI015,exception,High,3205
EV0019,2026-01-19,UTI023,experiment,Low,27423
EV0020,2026-01-20,UTI008,qa_check,Low,5109
EV0021,2026-01-21,UTI003,stakeholder_request,Medium,28045
EV0022,2026-01-22,UTI032,handoff,Low,51214
EV0023,2026-01-23,UTI021,experiment,Low,14233
EV0024,2026-01-24,UTI011,qa_check,Low,41701
EV0025,2026-01-25,UTI030,qa_check,High,21571
EV0026,2026-01-26,UTI016,handoff,Medium,36538
EV0027,2026-01-27,UTI030,handoff,High,46319
EV0028,2026-01-28,UTI036,handoff,Low,12559
EV0029,2026-01-29,UTI029,launch,High,22981
EV0030,2026-01-30,UTI022,qa_check,Low,35774
EV0031,2026-01-31,UTI020,handoff,Low,11090
EV0032,2026-02-01,UTI005,exception,Low,24885
EV0033,2026-02-02,UTI028,qa_check,Medium,24720
EV0034,2026-02-03,UTI018,launch,Medium,33030
EV0035,2026-02-04,UTI006,launch,Medium,19707
EV0036,2026-02-05,UTI020,experiment,Medium,17747
EV0037,2026-02-06,UTI017,launch,High,38595
EV0038,2026-02-07,UTI023,experiment,Low,26145
EV0039,2026-02-08,UTI001,stakeholder_request,Medium,49801
EV0040,2026-02-09,UTI032,stakeholder_request,Low,22808
EV0041,2026-02-10,UTI019,launch,Low,47494
EV0042,2026-02-11,UTI025,qa_check,High,29906
EV0043,2026-02-12,UTI009,launch,Medium,51698
EV0044,2026-02-13,UTI014,handoff,Medium,13035
EV0045,2026-02-14,UTI010,stakeholder_request,High,8607
EV0046,2026-02-15,UTI014,qa_check,Low,27766
EV0047,2026-02-16,UTI020,handoff,Low,3130
EV0048,2026-02-17,UTI024,experiment,Medium,8923
EV0049,2026-02-18,UTI020,qa_check,Low,11142
EV0050,2026-02-19,UTI010,handoff,Low,26567
EV0051,2026-02-20,UTI003,exception,High,15460
EV0052,2026-02-21,UTI023,experiment,High,30213
EV0053,2026-02-22,UTI018,qa_check,Medium,22043
EV0054,2026-02-23,UTI020,qa_check,High,8254
EV0055,2026-02-24,UTI005,exception,Medium,27898
EV0056,2026-02-25,UTI007,exception,Low,47610
EV0057,2026-02-26,UTI012,launch,Low,43714
EV0058,2026-02-27,UTI030,handoff,High,36096
EV0059,2026-02-28,UTI005,handoff,High,16717
EV0060,2026-03-01,UTI006,qa_check,Low,37503
EV0061,2026-03-02,UTI009,launch,High,14232
EV0062,2026-03-03,UTI036,qa_check,Medium,51905
EV0063,2026-03-04,UTI010,experiment,Low,49977
EV0064,2026-03-05,UTI036,experiment,High,36681
EV0065,2026-03-06,UTI007,handoff,High,16568
EV0066,2026-03-07,UTI001,qa_check,High,33755
EV0067,2026-03-08,UTI015,qa_check,High,33243
EV0068,2026-03-09,UTI022,handoff,Low,42556
EV0069,2026-03-10,UTI025,launch,High,24308
EV0070,2026-03-11,UTI027,experiment,Medium,50698
EV0071,2026-03-12,UTI032,handoff,Medium,21799
EV0072,2026-03-13,UTI008,exception,Medium,16377
EV0073,2026-03-14,UTI020,handoff,Low,7866
EV0074,2026-03-15,UTI028,launch,Low,8486
EV0075,2026-03-16,UTI010,experiment,Medium,17871
EV0076,2026-03-17,UTI007,experiment,High,40952
EV0077,2026-03-18,UTI031,qa_check,Medium,40709
EV0078,2026-03-19,UTI005,qa_check,Low,13288
EV0079,2026-03-20,UTI011,handoff,Low,25346
EV0080,2026-03-21,UTI028,qa_check,High,14867
EV0081,2026-03-22,UTI024,qa_check,Low,45073
EV0082,2026-03-23,UTI008,experiment,Medium,14410
EV0083,2026-03-24,UTI021,launch,Medium,1487
EV0084,2026-03-25,UTI034,exception,High,16202
EV0085,2026-03-26,UTI029,exception,High,1180
EV0086,2026-03-27,UTI022,experiment,High,13513
EV0087,2026-03-28,UTI014,exception,Low,14656
EV0088,2026-03-29,UTI008,qa_check,Medium,48252
EV0089,2026-03-30,UTI028,exception,Medium,1961
EV0090,2026-03-31,UTI025,qa_check,Low,16329
EV0091,2026-04-01,UTI022,launch,Low,41532
EV0092,2026-04-02,UTI018,stakeholder_request,Medium,42745
EV0093,2026-04-03,UTI018,experiment,Low,50269
EV0094,2026-04-04,UTI029,launch,High,35887
EV0095,2026-04-05,UTI015,stakeholder_request,High,21825
EV0096,2026-04-06,UTI030,exception,Low,17561
EV0097,2026-04-07,UTI004,qa_check,Low,10605
EV0098,2026-04-08,UTI026,stakeholder_request,High,44224
EV0099,2026-04-09,UTI005,launch,High,16001
EV0100,2026-04-10,UTI010,stakeholder_request,Medium,28451
EV0101,2026-04-11,UTI031,stakeholder_request,High,24329
EV0102,2026-04-12,UTI024,stakeholder_request,High,27108
EV0103,2026-04-13,UTI004,launch,Low,2498
EV0104,2026-04-14,UTI023,launch,High,17754
EV0105,2026-04-15,UTI030,experiment,Medium,49386
EV0106,2026-04-16,UTI036,launch,Medium,38755
EV0107,2026-04-17,UTI014,qa_check,Low,35444
EV0108,2026-04-18,UTI014,qa_check,High,23619
EV0109,2026-04-19,UTI028,handoff,High,18017
EV0110,2026-04-20,UTI008,qa_check,Medium,50550
EV0111,2026-04-21,UTI023,qa_check,Low,41879
EV0112,2026-04-22,UTI012,exception,Low,28720
EV0113,2026-04-23,UTI001,qa_check,Medium,45988
EV0114,2026-04-24,UTI018,exception,High,5762
EV0115,2026-04-25,UTI035,stakeholder_request,Medium,30967
EV0116,2026-04-26,UTI022,exception,Medium,14978
EV0117,2026-04-27,UTI004,stakeholder_request,Low,23797
EV0118,2026-04-28,UTI028,experiment,Low,28768
EV0119,2026-04-29,UTI025,launch,Medium,45724
EV0120,2026-04-30,UTI011,stakeholder_request,High,18278
EV0121,2026-05-01,UTI028,handoff,Medium,31901
EV0122,2026-05-02,UTI012,experiment,Medium,16266
EV0123,2026-05-03,UTI003,experiment,Low,11729
EV0124,2026-05-04,UTI015,exception,Low,28688
EV0125,2026-05-05,UTI023,handoff,Medium,34933
EV0126,2026-05-06,UTI029,qa_check,High,998
EV0127,2026-05-07,UTI011,handoff,High,49347
EV0128,2026-05-08,UTI023,handoff,Medium,45176
EV0129,2026-05-09,UTI003,launch,Medium,39420
EV0130,2026-05-10,UTI031,experiment,Medium,51966
EV0131,2026-05-11,UTI007,experiment,Medium,13445
EV0132,2026-05-12,UTI002,experiment,Medium,27335
EV0133,2026-05-13,UTI003,stakeholder_request,Low,45500
EV0134,2026-05-14,UTI001,experiment,Medium,20153
EV0135,2026-05-15,UTI002,qa_check,High,11613
EV0136,2026-05-16,UTI005,handoff,High,1593
EV0137,2026-05-17,UTI034,exception,Medium,50144
EV0138,2026-05-18,UTI022,launch,Medium,5241
EV0139,2026-05-19,UTI015,qa_check,Low,46883
EV0140,2026-05-20,UTI015,launch,Low,12938
EV0141,2026-01-01,UTI006,qa_check,Low,50372
EV0142,2026-01-02,UTI012,exception,High,49829
EV0143,2026-01-03,UTI033,exception,High,20944
EV0144,2026-01-04,UTI013,experiment,High,25135
EV0145,2026-01-05,UTI009,qa_check,Low,46476
EV0146,2026-01-06,UTI011,qa_check,High,39651
EV0147,2026-01-07,UTI006,launch,High,46366
EV0148,2026-01-08,UTI004,handoff,Medium,26945
EV0149,2026-01-09,UTI019,experiment,High,45232
EV0150,2026-01-10,UTI028,stakeholder_request,Low,15798
EV0151,2026-01-11,UTI013,stakeholder_request,Medium,37816
EV0152,2026-01-12,UTI016,qa_check,High,35342
EV0153,2026-01-13,UTI033,exception,High,11625
EV0154,2026-01-14,UTI034,launch,Medium,23433
EV0155,2026-01-15,UTI014,stakeholder_request,Low,24275
EV0156,2026-01-16,UTI016,experiment,Low,47233
EV0157,2026-01-17,UTI028,stakeholder_request,High,26564
EV0158,2026-01-18,UTI026,launch,Medium,12014
EV0159,2026-01-19,UTI011,experiment,Medium,49259
EV0160,2026-01-20,UTI013,handoff,Low,42679
EV0161,2026-01-21,UTI026,launch,High,32603
EV0162,2026-01-22,UTI023,experiment,High,44508
EV0163,2026-01-23,UTI016,handoff,Medium,19540
EV0164,2026-01-24,UTI015,stakeholder_request,Medium,39610
EV0165,2026-01-25,UTI016,experiment,High,43159
EV0166,2026-01-26,UTI023,stakeholder_request,Low,43111
EV0167,2026-01-27,UTI003,qa_check,Low,17360
EV0168,2026-01-28,UTI025,launch,High,45545
EV0169,2026-01-29,UTI018,qa_check,Medium,42730
EV0170,2026-01-30,UTI028,launch,Medium,49971
EV0171,2026-01-31,UTI008,experiment,Medium,46151
EV0172,2026-02-01,UTI028,stakeholder_request,Medium,9312
EV0173,2026-02-02,UTI003,launch,Medium,41613
EV0174,2026-02-03,UTI008,qa_check,Low,24402
EV0175,2026-02-04,UTI018,experiment,Low,33757
EV0176,2026-02-05,UTI028,experiment,Medium,30265
EV0177,2026-02-06,UTI035,handoff,Low,27627
EV0178,2026-02-07,UTI032,stakeholder_request,High,602
EV0179,2026-02-08,UTI034,handoff,High,41649
EV0180,2026-02-09,UTI034,experiment,Low,1005
EV0181,2026-02-10,UTI005,qa_check,High,20825
EV0182,2026-02-11,UTI014,exception,High,39378
EV0183,2026-02-12,UTI029,qa_check,High,10646
EV0184,2026-02-13,UTI023,launch,High,22595
EV0185,2026-02-14,UTI029,exception,High,25221
EV0186,2026-02-15,UTI027,stakeholder_request,Medium,25358
EV0187,2026-02-16,UTI014,experiment,Medium,21632
EV0188,2026-02-17,UTI001,exception,Low,47285
EV0189,2026-02-18,UTI001,qa_check,Low,32000
EV0190,2026-02-19,UTI010,launch,Low,30713
EV0191,2026-02-20,UTI028,launch,Medium,41276
EV0192,2026-02-21,UTI035,qa_check,Medium,36223
EV0193,2026-02-22,UTI023,qa_check,Low,22745
EV0194,2026-02-23,UTI011,experiment,Low,9376
EV0195,2026-02-24,UTI026,handoff,Low,28251
EV0196,2026-02-25,UTI031,qa_check,Low,14179
EV0197,2026-02-26,UTI003,launch,High,24148
EV0198,2026-02-27,UTI006,stakeholder_request,Low,6259
EV0199,2026-02-28,UTI019,exception,Low,39452
EV0200,2026-03-01,UTI009,stakeholder_request,Medium,21263
EV0201,2026-03-02,UTI004,handoff,Medium,8234
EV0202,2026-03-03,UTI027,qa_check,Low,5973
EV0203,2026-03-04,UTI023,stakeholder_request,High,27214
EV0204,2026-03-05,UTI034,stakeholder_request,High,13142
EV0205,2026-03-06,UTI025,qa_check,Medium,50080
EV0206,2026-03-07,UTI021,launch,High,39046
EV0207,2026-03-08,UTI025,experiment,Low,48532
EV0208,2026-03-09,UTI021,stakeholder_request,Medium,18760
EV0209,2026-03-10,UTI027,launch,Medium,22031
EV0210,2026-03-11,UTI016,exception,High,30645
EV0211,2026-03-12,UTI007,launch,High,10780
EV0212,2026-03-13,UTI021,experiment,Low,40559
EV0213,2026-03-14,UTI002,launch,High,8918
EV0214,2026-03-15,UTI010,launch,High,9787
EV0215,2026-03-16,UTI013,qa_check,Low,35430
EV0216,2026-03-17,UTI030,exception,Medium,6191
EV0217,2026-03-18,UTI001,exception,Medium,2281
EV0218,2026-03-19,UTI035,handoff,Medium,9568
EV0219,2026-03-20,UTI034,qa_check,Low,49267
EV0220,2026-03-21,UTI023,experiment,Low,29244
EV0221,2026-03-22,UTI017,exception,High,6583
EV0222,2026-03-23,UTI006,experiment,High,18873
EV0223,2026-03-24,UTI002,launch,High,45113
EV0224,2026-03-25,UTI018,handoff,Medium,51959
EV0225,2026-03-26,UTI016,stakeholder_request,High,42434
EV0226,2026-03-27,UTI003,stakeholder_request,Medium,37099
EV0227,2026-03-28,UTI033,exception,High,33544
EV0228,2026-03-29,UTI029,qa_check,Low,2944
EV0229,2026-03-30,UTI003,qa_check,High,46804
EV0230,2026-03-31,UTI013,handoff,High,25874
EV0231,2026-04-01,UTI027,handoff,Low,46105
EV0232,2026-04-02,UTI030,qa_check,High,6399
EV0233,2026-04-03,UTI014,experiment,Medium,30746
EV0234,2026-04-04,UTI028,qa_check,Medium,15273
EV0235,2026-04-05,UTI020,exception,Medium,35536
EV0236,2026-04-06,UTI014,launch,Medium,24831
EV0237,2026-04-07,UTI001,experiment,Medium,31114
EV0238,2026-04-08,UTI007,exception,Medium,4040
EV0239,2026-04-09,UTI032,qa_check,Medium,33484
EV0240,2026-04-10,UTI028,exception,High,16775
EV0241,2026-04-11,UTI007,experiment,Low,10778
EV0242,2026-04-12,UTI009,stakeholder_request,Low,14305
EV0243,2026-04-13,UTI027,experiment,Low,50725
EV0244,2026-04-14,UTI017,stakeholder_request,Medium,43010
EV0245,2026-04-15,UTI014,qa_check,Medium,16349
EV0246,2026-04-16,UTI008,experiment,Low,43303
EV0247,2026-04-17,UTI013,launch,Low,28881
EV0248,2026-04-18,UTI036,launch,Low,12281
EV0249,2026-04-19,UTI008,handoff,Medium,26893
EV0250,2026-04-20,UTI031,qa_check,Medium,15091
EV0251,2026-04-21,UTI033,experiment,High,49643
EV0252,2026-04-22,UTI028,stakeholder_request,Low,45014
EV0253,2026-04-23,UTI008,stakeholder_request,Low,8652
EV0254,2026-04-24,UTI006,qa_check,Medium,41270
EV0255,2026-04-25,UTI018,handoff,Low,28984
EV0256,2026-04-26,UTI031,qa_check,Medium,13040
EV0257,2026-04-27,UTI026,qa_check,Medium,21261
EV0258,2026-04-28,UTI007,handoff,High,12204
EV0259,2026-04-29,UTI030,experiment,Medium,29382
EV0260,2026-04-30,UTI028,stakeholder_request,Medium,6307
EV0261,2026-05-01,UTI019,stakeholder_request,High,14969
EV0262,2026-05-02,UTI034,experiment,Medium,12233
EV0263,2026-05-03,UTI004,exception,Low,5534
EV0264,2026-05-04,UTI013,experiment,Medium,27105
EV0265,2026-05-05,UTI032,qa_check,High,39856
EV0266,2026-05-06,UTI003,launch,High,13899
EV0267,2026-05-07,UTI028,exception,Low,13583
EV0268,2026-05-08,UTI022,handoff,Low,44782
EV0269,2026-05-09,UTI008,handoff,Low,43053
EV0270,2026-05-10,UTI027,exception,High,35661
EV0271,2026-05-11,UTI015,qa_check,High,8328
EV0272,2026-05-12,UTI012,launch,Medium,50460
EV0273,2026-05-13,UTI034,qa_check,Medium,26457
EV0274,2026-05-14,UTI017,qa_check,Low,42111
EV0275,2026-05-15,UTI017,exception,High,947
EV0276,2026-05-16,UTI005,qa_check,High,8761
EV0277,2026-05-17,UTI009,launch,Low,49958
EV0278,2026-05-18,UTI033,handoff,High,50201
EV0279,2026-05-19,UTI005,handoff,Low,10716
EV0280,2026-05-20,UTI006,experiment,Medium,15517
EV0281,2026-01-01,UTI035,experiment,Low,28648
EV0282,2026-01-02,UTI022,stakeholder_request,Medium,29453
EV0283,2026-01-03,UTI005,stakeholder_request,Medium,16727
EV0284,2026-01-04,UTI033,stakeholder_request,High,43496
EV0285,2026-01-05,UTI015,stakeholder_request,High,45046
EV0286,2026-01-06,UTI035,stakeholder_request,Medium,8183
EV0287,2026-01-07,UTI016,qa_check,Low,12605
EV0288,2026-01-08,UTI002,qa_check,Low,48618
EV0289,2026-01-09,UTI003,exception,High,43316
EV0290,2026-01-10,UTI031,qa_check,Medium,25218
EV0291,2026-01-11,UTI012,stakeholder_request,Medium,9730
EV0292,2026-01-12,UTI008,qa_check,Low,24671
EV0293,2026-01-13,UTI019,handoff,High,38482
EV0294,2026-01-14,UTI024,experiment,Low,30115
EV0295,2026-01-15,UTI034,experiment,Medium,40454
EV0296,2026-01-16,UTI031,handoff,High,6535
EV0297,2026-01-17,UTI010,stakeholder_request,High,16654
EV0298,2026-01-18,UTI031,handoff,Low,40879
EV0299,2026-01-19,UTI007,qa_check,High,6819
EV0300,2026-01-20,UTI001,exception,Low,21896
EV0301,2026-01-21,UTI014,handoff,Medium,41237
EV0302,2026-01-22,UTI036,stakeholder_request,Medium,44184
EV0303,2026-01-23,UTI023,launch,High,44279
EV0304,2026-01-24,UTI007,stakeholder_request,Low,42969
EV0305,2026-01-25,UTI020,handoff,High,50159
EV0306,2026-01-26,UTI014,stakeholder_request,Medium,50090
EV0307,2026-01-27,UTI008,stakeholder_request,Medium,9913
EV0308,2026-01-28,UTI036,launch,Medium,41213
EV0309,2026-01-29,UTI025,handoff,High,13585
EV0310,2026-01-30,UTI003,stakeholder_request,High,43760
EV0311,2026-01-31,UTI004,exception,Low,649
EV0312,2026-02-01,UTI009,handoff,Low,42052
EV0313,2026-02-02,UTI031,launch,Medium,40135
EV0314,2026-02-03,UTI017,stakeholder_request,Medium,40182
EV0315,2026-02-04,UTI016,handoff,High,47482
EV0316,2026-02-05,UTI019,exception,High,25093
EV0317,2026-02-06,UTI003,qa_check,Medium,19606
EV0318,2026-02-07,UTI011,stakeholder_request,Low,35888
EV0319,2026-02-08,UTI010,exception,Medium,15689
EV0320,2026-02-09,UTI003,stakeholder_request,High,30345
EV0321,2026-02-10,UTI004,experiment,Medium,38188
EV0322,2026-02-11,UTI012,launch,High,12168
EV0323,2026-02-12,UTI010,stakeholder_request,Medium,20054
EV0324,2026-02-13,UTI023,exception,High,6938
EV0325,2026-02-14,UTI008,launch,High,21184
EV0326,2026-02-15,UTI008,exception,Low,41295
EV0327,2026-02-16,UTI022,launch,Low,16079
EV0328,2026-02-17,UTI011,launch,Low,22339
EV0329,2026-02-18,UTI003,launch,Low,45229
EV0330,2026-02-19,UTI013,qa_check,Medium,32240
EV0331,2026-02-20,UTI023,experiment,Low,9210
EV0332,2026-02-21,UTI006,launch,Medium,8076
EV0333,2026-02-22,UTI022,exception,High,32507
EV0334,2026-02-23,UTI022,qa_check,Medium,42890
EV0335,2026-02-24,UTI033,qa_check,Medium,6551
EV0336,2026-02-25,UTI012,stakeholder_request,Medium,20454
EV0337,2026-02-26,UTI024,stakeholder_request,High,11474
EV0338,2026-02-27,UTI007,experiment,High,25769
EV0339,2026-02-28,UTI031,experiment,High,20086
EV0340,2026-03-01,UTI021,stakeholder_request,Medium,37770
EV0341,2026-03-02,UTI031,launch,Low,17070
EV0342,2026-03-03,UTI017,experiment,High,37256
EV0343,2026-03-04,UTI021,launch,Low,18395
EV0344,2026-03-05,UTI010,handoff,Medium,15039
EV0345,2026-03-06,UTI019,exception,Low,42445
EV0346,2026-03-07,UTI024,launch,Medium,34806
EV0347,2026-03-08,UTI026,qa_check,Low,32874
EV0348,2026-03-09,UTI003,stakeholder_request,Medium,41708
EV0349,2026-03-10,UTI014,handoff,Low,42171
EV0350,2026-03-11,UTI033,handoff,High,34662
EV0351,2026-03-12,UTI012,launch,Medium,6453
EV0352,2026-03-13,UTI031,stakeholder_request,Low,35875
EV0353,2026-03-14,UTI015,experiment,Low,38467
EV0354,2026-03-15,UTI029,experiment,Medium,12082
EV0355,2026-03-16,UTI019,stakeholder_request,Medium,2818
EV0356,2026-03-17,UTI019,qa_check,Medium,5010
EV0357,2026-03-18,UTI023,qa_check,Medium,21413
EV0358,2026-03-19,UTI013,launch,Low,7553
EV0359,2026-03-20,UTI016,exception,High,3624
EV0360,2026-03-21,UTI023,exception,Medium,49171
EV0361,2026-03-22,UTI035,launch,High,3671
EV0362,2026-03-23,UTI029,experiment,Medium,27009
EV0363,2026-03-24,UTI035,experiment,Medium,14719
EV0364,2026-03-25,UTI018,launch,Low,3725
EV0365,2026-03-26,UTI001,exception,Low,23703
EV0366,2026-03-27,UTI014,exception,Medium,45053
EV0367,2026-03-28,UTI021,qa_check,Low,17860
EV0368,2026-03-29,UTI028,experiment,Low,9066
EV0369,2026-03-30,UTI030,experiment,Low,45991
EV0370,2026-03-31,UTI005,handoff,High,8175
EV0371,2026-04-01,UTI007,stakeholder_request,Medium,25432
EV0372,2026-04-02,UTI013,launch,Medium,50333
EV0373,2026-04-03,UTI030,handoff,Medium,15753
EV0374,2026-04-04,UTI028,exception,High,43969
EV0375,2026-04-05,UTI032,qa_check,Medium,32168
EV0376,2026-04-06,UTI006,stakeholder_request,Low,12129
EV0377,2026-04-07,UTI019,exception,High,16667
EV0378,2026-04-08,UTI016,experiment,Low,851
EV0379,2026-04-09,UTI030,stakeholder_request,Low,18367
EV0380,2026-04-10,UTI002,handoff,Medium,42242
EV0381,2026-04-11,UTI014,launch,Low,16582
EV0382,2026-04-12,UTI019,qa_check,Medium,17784
EV0383,2026-04-13,UTI035,stakeholder_request,High,4611
EV0384,2026-04-14,UTI016,qa_check,Medium,39859
EV0385,2026-04-15,UTI022,exception,Medium,25243
EV0386,2026-04-16,UTI018,exception,Medium,12488
EV0387,2026-04-17,UTI034,exception,Low,3487
EV0388,2026-04-18,UTI011,handoff,Low,19290
EV0389,2026-04-19,UTI034,exception,Medium,46010
EV0390,2026-04-20,UTI029,qa_check,Low,45164
EV0391,2026-04-21,UTI030,launch,Medium,22804
EV0392,2026-04-22,UTI031,stakeholder_request,Low,10183
EV0393,2026-04-23,UTI019,qa_check,Low,27570
EV0394,2026-04-24,UTI016,stakeholder_request,High,12713
EV0395,2026-04-25,UTI001,experiment,Low,17312
EV0396,2026-04-26,UTI018,exception,Low,9245
EV0397,2026-04-27,UTI024,qa_check,Medium,21663
EV0398,2026-04-28,UTI036,qa_check,Medium,12452
EV0399,2026-04-29,UTI036,handoff,High,46420
EV0400,2026-04-30,UTI017,exception,Low,34960
EV0401,2026-05-01,UTI025,launch,Medium,31799
EV0402,2026-05-02,UTI016,qa_check,High,36336
EV0403,2026-05-03,UTI004,launch,Medium,19916
EV0404,2026-05-04,UTI028,experiment,Medium,27805
EV0405,2026-05-05,UTI026,experiment,High,16474
EV0406,2026-05-06,UTI027,experiment,Low,25673
EV0407,2026-05-07,UTI015,handoff,High,10184
EV0408,2026-05-08,UTI035,exception,High,7976
EV0409,2026-05-09,UTI018,exception,High,46891
EV0410,2026-05-10,UTI035,experiment,Medium,28846
EV0411,2026-05-11,UTI021,stakeholder_request,Low,49426
EV0412,2026-05-12,UTI033,qa_check,Medium,27098
EV0413,2026-05-13,UTI008,exception,Low,1178
EV0414,2026-05-14,UTI030,handoff,High,50030
EV0415,2026-05-15,UTI018,exception,Medium,29877
EV0416,2026-05-16,UTI027,qa_check,High,16949
EV0417,2026-05-17,UTI011,exception,Low,31107
EV0418,2026-05-18,UTI025,qa_check,High,911
EV0419,2026-05-19,UTI012,qa_check,Medium,16026
EV0420,2026-05-20,UTI017,exception,Low,50180
EV0421,2026-01-01,UTI007,handoff,Medium,50314
EV0422,2026-01-02,UTI009,exception,Medium,12906
EV0423,2026-01-03,UTI004,exception,Low,41834
EV0424,2026-01-04,UTI034,launch,Medium,34527
EV0425,2026-01-05,UTI012,qa_check,High,46516
EV0426,2026-01-06,UTI016,handoff,Medium,28380
EV0427,2026-01-07,UTI025,stakeholder_request,High,10954
EV0428,2026-01-08,UTI023,experiment,Low,25038
EV0429,2026-01-09,UTI025,stakeholder_request,Medium,33229
EV0430,2026-01-10,UTI008,stakeholder_request,Low,9865
EV0431,2026-01-11,UTI019,exception,Medium,8946
EV0432,2026-01-12,UTI014,experiment,High,21285
EV0433,2026-01-13,UTI030,handoff,Medium,1490
EV0434,2026-01-14,UTI011,experiment,High,46279
EV0435,2026-01-15,UTI016,experiment,Medium,49002
EV0436,2026-01-16,UTI012,handoff,Low,22089
EV0437,2026-01-17,UTI023,experiment,Medium,26072
EV0438,2026-01-18,UTI005,stakeholder_request,High,47148
EV0439,2026-01-19,UTI019,exception,Medium,23657
EV0440,2026-01-20,UTI021,handoff,Medium,28731
EV0441,2026-01-21,UTI002,experiment,Low,11206
EV0442,2026-01-22,UTI019,qa_check,Low,3317
EV0443,2026-01-23,UTI030,stakeholder_request,Low,17016
EV0444,2026-01-24,UTI007,experiment,High,48178
EV0445,2026-01-25,UTI035,stakeholder_request,High,2798
EV0446,2026-01-26,UTI022,qa_check,High,41678
EV0447,2026-01-27,UTI012,qa_check,Low,50467
EV0448,2026-01-28,UTI028,qa_check,Low,44799
EV0449,2026-01-29,UTI002,stakeholder_request,High,37147
EV0450,2026-01-30,UTI020,qa_check,Medium,16381
EV0451,2026-01-31,UTI021,qa_check,High,34400
EV0452,2026-02-01,UTI019,launch,Low,46582
EV0453,2026-02-02,UTI019,handoff,Low,41166
EV0454,2026-02-03,UTI017,launch,Low,27057
EV0455,2026-02-04,UTI022,stakeholder_request,Low,28929
EV0456,2026-02-05,UTI031,stakeholder_request,Low,45356
EV0457,2026-02-06,UTI036,launch,Medium,41599
EV0458,2026-02-07,UTI003,handoff,Low,10037
EV0459,2026-02-08,UTI028,stakeholder_request,High,41109
EV0460,2026-02-09,UTI014,stakeholder_request,Low,51506
EV0461,2026-02-10,UTI007,handoff,Low,13740
EV0462,2026-02-11,UTI026,stakeholder_request,Low,50567
EV0463,2026-02-12,UTI018,launch,Medium,28153
EV0464,2026-02-13,UTI019,exception,Low,45697
EV0465,2026-02-14,UTI032,handoff,High,39152
EV0466,2026-02-15,UTI035,exception,Low,25532
EV0467,2026-02-16,UTI002,launch,Low,3655
EV0468,2026-02-17,UTI018,stakeholder_request,High,33586
EV0469,2026-02-18,UTI024,qa_check,High,51388
EV0470,2026-02-19,UTI022,experiment,High,18670
EV0471,2026-02-20,UTI019,stakeholder_request,Medium,40802
EV0472,2026-02-21,UTI002,stakeholder_request,Medium,49046
EV0473,2026-02-22,UTI027,launch,Medium,45204
EV0474,2026-02-23,UTI011,stakeholder_request,Low,14792
EV0475,2026-02-24,UTI017,stakeholder_request,Low,18103
EV0476,2026-02-25,UTI010,qa_check,Low,2885
EV0477,2026-02-26,UTI026,stakeholder_request,High,28284
EV0478,2026-02-27,UTI020,exception,Low,6005
EV0479,2026-02-28,UTI028,handoff,Low,34595
EV0480,2026-03-01,UTI018,launch,Medium,46560
EV0481,2026-03-02,UTI019,stakeholder_request,Medium,24454
EV0482,2026-03-03,UTI013,experiment,High,46424
EV0483,2026-03-04,UTI019,experiment,Medium,1073
EV0484,2026-03-05,UTI033,qa_check,Medium,8899
EV0485,2026-03-06,UTI001,launch,High,25405
EV0486,2026-03-07,UTI006,stakeholder_request,Low,49394
EV0487,2026-03-08,UTI026,experiment,High,3804
EV0488,2026-03-09,UTI022,handoff,Low,17321
EV0489,2026-03-10,UTI004,stakeholder_request,High,45408
EV0490,2026-03-11,UTI021,stakeholder_request,Medium,48212
EV0491,2026-03-12,UTI006,qa_check,Medium,50242
EV0492,2026-03-13,UTI008,exception,Low,37552
EV0493,2026-03-14,UTI009,handoff,Low,21535
EV0494,2026-03-15,UTI010,exception,Medium,44838
EV0495,2026-03-16,UTI009,exception,High,20756
EV0496,2026-03-17,UTI030,launch,High,31345
EV0497,2026-03-18,UTI015,experiment,Medium,22876
EV0498,2026-03-19,UTI025,exception,Medium,13122
EV0499,2026-03-20,UTI029,stakeholder_request,Low,32340
EV0500,2026-03-21,UTI027,qa_check,Medium,11198
EV0501,2026-03-22,UTI033,exception,Medium,47760
EV0502,2026-03-23,UTI034,exception,Medium,5016
EV0503,2026-03-24,UTI029,launch,Medium,29835
EV0504,2026-03-25,UTI011,launch,Medium,43575
EV0505,2026-03-26,UTI007,launch,Low,26973
EV0506,2026-03-27,UTI020,handoff,High,50799
EV0507,2026-03-28,UTI011,experiment,Low,46650
EV0508,2026-03-29,UTI026,stakeholder_request,Low,46121
EV0509,2026-03-30,UTI022,launch,High,32974
EV0510,2026-03-31,UTI014,handoff,High,7789
EV0511,2026-04-01,UTI008,launch,Low,1976
EV0512,2026-04-02,UTI032,qa_check,Low,48384
EV0513,2026-04-03,UTI009,handoff,Low,25617
EV0514,2026-04-04,UTI010,stakeholder_request,High,27067
EV0515,2026-04-05,UTI001,stakeholder_request,Medium,13011
EV0516,2026-04-06,UTI005,qa_check,High,40533
EV0517,2026-04-07,UTI029,launch,High,9871
EV0518,2026-04-08,UTI002,stakeholder_request,Low,41695
EV0519,2026-04-09,UTI027,experiment,Low,37673
EV0520,2026-04-10,UTI005,qa_check,Medium,28076
EV0521,2026-04-11,UTI011,qa_check,Medium,39034
EV0522,2026-04-12,UTI006,qa_check,Medium,27431
EV0523,2026-04-13,UTI025,stakeholder_request,High,32319
EV0524,2026-04-14,UTI022,experiment,Low,35079
EV0525,2026-04-15,UTI035,experiment,Low,11955
EV0526,2026-04-16,UTI021,handoff,High,5954
EV0527,2026-04-17,UTI007,qa_check,Low,6470
EV0528,2026-04-18,UTI011,launch,Low,4384
EV0529,2026-04-19,UTI001,qa_check,Medium,36752
EV0530,2026-04-20,UTI024,exception,High,48076
EV0531,2026-04-21,UTI019,exception,High,26022
EV0532,2026-04-22,UTI020,stakeholder_request,Low,6829
EV0533,2026-04-23,UTI018,stakeholder_request,Low,22030
EV0534,2026-04-24,UTI030,qa_check,Medium,19465
EV0535,2026-04-25,UTI025,exception,Medium,10469
EV0536,2026-04-26,UTI012,stakeholder_request,Low,38469
EV0537,2026-04-27,UTI001,qa_check,Low,40603
EV0538,2026-04-28,UTI018,handoff,Low,47363
EV0539,2026-04-29,UTI008,handoff,Medium,45122
EV0540,2026-04-30,UTI035,qa_check,High,23788
EV0541,2026-05-01,UTI026,exception,High,23708
EV0542,2026-05-02,UTI031,launch,Low,8806
EV0543,2026-05-03,UTI035,qa_check,High,23826
EV0544,2026-05-04,UTI033,experiment,High,24925
EV0545,2026-05-05,UTI032,experiment,Low,21727
EV0546,2026-05-06,UTI021,stakeholder_request,High,48838
EV0547,2026-05-07,UTI033,handoff,Low,12679
EV0548,2026-05-08,UTI024,qa_check,High,38887
EV0549,2026-05-09,UTI035,exception,Low,1405
EV0550,2026-05-10,UTI032,stakeholder_request,High,17236
EV0551,2026-05-11,UTI003,stakeholder_request,Low,47251
EV0552,2026-05-12,UTI015,stakeholder_request,High,773
EV0553,2026-05-13,UTI006,qa_check,Medium,3566
EV0554,2026-05-14,UTI001,experiment,High,38223
EV0555,2026-05-15,UTI007,exception,Low,32804
EV0556,2026-05-16,UTI003,launch,Medium,44487
EV0557,2026-05-17,UTI017,stakeholder_request,Medium,43339
EV0558,2026-05-18,UTI014,stakeholder_request,High,50192
EV0559,2026-05-19,UTI022,launch,High,5009
EV0560,2026-05-20,UTI032,experiment,Low,42464
EV0561,2026-01-01,UTI012,qa_check,High,10368
EV0562,2026-01-02,UTI004,qa_check,Low,14921
EV0563,2026-01-03,UTI003,stakeholder_request,Medium,30165
EV0564,2026-01-04,UTI014,stakeholder_request,Low,20881
EV0565,2026-01-05,UTI017,exception,High,32537
EV0566,2026-01-06,UTI001,stakeholder_request,High,23793
EV0567,2026-01-07,UTI020,exception,Low,2420
EV0568,2026-01-08,UTI005,stakeholder_request,High,8381
EV0569,2026-01-09,UTI029,exception,Low,15685
EV0570,2026-01-10,UTI013,stakeholder_request,Low,43514
EV0571,2026-01-11,UTI002,experiment,Low,7485
EV0572,2026-01-12,UTI018,handoff,Low,39289
EV0573,2026-01-13,UTI005,experiment,High,7327
EV0574,2026-01-14,UTI024,exception,Low,22335
EV0575,2026-01-15,UTI015,launch,High,16858
EV0576,2026-01-16,UTI021,experiment,Medium,2333
EV0577,2026-01-17,UTI001,launch,Medium,45373
EV0578,2026-01-18,UTI018,experiment,Medium,47765
EV0579,2026-01-19,UTI003,launch,Low,45540
EV0580,2026-01-20,UTI034,experiment,High,4362
EV0581,2026-01-21,UTI021,exception,Low,6844
EV0582,2026-01-22,UTI013,handoff,High,40795
EV0583,2026-01-23,UTI002,stakeholder_request,High,753
EV0584,2026-01-24,UTI016,handoff,Medium,13063
EV0585,2026-01-25,UTI011,qa_check,Low,23095
EV0586,2026-01-26,UTI016,qa_check,Low,16614
EV0587,2026-01-27,UTI020,stakeholder_request,Low,45661
EV0588,2026-01-28,UTI002,exception,Medium,14681
EV0589,2026-01-29,UTI031,experiment,High,19528
EV0590,2026-01-30,UTI015,exception,Medium,36330
EV0591,2026-01-31,UTI032,handoff,Medium,36088
EV0592,2026-02-01,UTI022,launch,Medium,17239
EV0593,2026-02-02,UTI034,exception,Medium,27816
EV0594,2026-02-03,UTI010,experiment,Medium,4185
EV0595,2026-02-04,UTI011,launch,High,38736
EV0596,2026-02-05,UTI028,qa_check,High,2256
EV0597,2026-02-06,UTI036,handoff,Medium,34620
EV0598,2026-02-07,UTI009,exception,High,31277
EV0599,2026-02-08,UTI027,exception,High,25402
EV0600,2026-02-09,UTI023,experiment,Medium,30963
EV0601,2026-02-10,UTI006,launch,Medium,36307
EV0602,2026-02-11,UTI014,launch,Medium,26778
EV0603,2026-02-12,UTI024,stakeholder_request,Low,30703
EV0604,2026-02-13,UTI028,exception,High,41526
EV0605,2026-02-14,UTI036,launch,Medium,42170
EV0606,2026-02-15,UTI020,stakeholder_request,High,10152
EV0607,2026-02-16,UTI032,qa_check,Low,788
EV0608,2026-02-17,UTI031,launch,Medium,6763
EV0609,2026-02-18,UTI009,stakeholder_request,Low,26145
EV0610,2026-02-19,UTI009,handoff,Low,11374
EV0611,2026-02-20,UTI013,exception,Low,2560
EV0612,2026-02-21,UTI018,experiment,Low,40362
EV0613,2026-02-22,UTI028,qa_check,High,33031
EV0614,2026-02-23,UTI009,stakeholder_request,Low,22649
EV0615,2026-02-24,UTI001,launch,High,20894
EV0616,2026-02-25,UTI008,qa_check,Medium,39599
EV0617,2026-02-26,UTI011,qa_check,High,27209
EV0618,2026-02-27,UTI022,qa_check,Medium,1633
EV0619,2026-02-28,UTI022,qa_check,High,13357
EV0620,2026-03-01,UTI001,stakeholder_request,High,49062
EV0621,2026-03-02,UTI008,experiment,Medium,50360
EV0622,2026-03-03,UTI013,launch,High,29146
EV0623,2026-03-04,UTI014,qa_check,Medium,16423
EV0624,2026-03-05,UTI015,experiment,High,6361
EV0625,2026-03-06,UTI015,stakeholder_request,Medium,18685
EV0626,2026-03-07,UTI014,experiment,Medium,3396
EV0627,2026-03-08,UTI003,handoff,Low,45697
EV0628,2026-03-09,UTI004,launch,High,2855
EV0629,2026-03-10,UTI005,stakeholder_request,Medium,35120
EV0630,2026-03-11,UTI007,handoff,Medium,3696
EV0631,2026-03-12,UTI022,qa_check,Low,47631
EV0632,2026-03-13,UTI032,experiment,High,29367
EV0633,2026-03-14,UTI026,qa_check,Low,32061
EV0634,2026-03-15,UTI027,handoff,High,36182
EV0635,2026-03-16,UTI032,exception,High,5742
EV0636,2026-03-17,UTI011,exception,High,30901
EV0637,2026-03-18,UTI014,stakeholder_request,Low,32077
EV0638,2026-03-19,UTI009,stakeholder_request,Medium,37034
EV0639,2026-03-20,UTI027,launch,Medium,46831
EV0640,2026-03-21,UTI025,handoff,High,12865
EV0641,2026-03-22,UTI006,stakeholder_request,Low,48133
EV0642,2026-03-23,UTI001,stakeholder_request,Medium,30192
EV0643,2026-03-24,UTI021,stakeholder_request,Medium,32205
EV0644,2026-03-25,UTI029,launch,Low,44287
EV0645,2026-03-26,UTI023,experiment,Low,35304
EV0646,2026-03-27,UTI008,qa_check,High,27576
EV0647,2026-03-28,UTI013,launch,Medium,24389
EV0648,2026-03-29,UTI024,experiment,High,3535
EV0649,2026-03-30,UTI027,exception,High,48499
EV0650,2026-03-31,UTI027,stakeholder_request,High,32305
EV0651,2026-04-01,UTI008,exception,High,32854
EV0652,2026-04-02,UTI017,stakeholder_request,Low,45032
EV0653,2026-04-03,UTI023,experiment,High,39677
EV0654,2026-04-04,UTI036,qa_check,High,41915
EV0655,2026-04-05,UTI016,experiment,High,17227
EV0656,2026-04-06,UTI011,experiment,Low,35982
EV0657,2026-04-07,UTI015,launch,High,15564
EV0658,2026-04-08,UTI024,launch,Medium,51580
EV0659,2026-04-09,UTI009,qa_check,Medium,45015
EV0660,2026-04-10,UTI034,stakeholder_request,Low,23083
EV0661,2026-04-11,UTI001,qa_check,Low,40876
EV0662,2026-04-12,UTI023,launch,High,5826
EV0663,2026-04-13,UTI017,handoff,Low,37321
EV0664,2026-04-14,UTI029,launch,High,29746
EV0665,2026-04-15,UTI001,handoff,Medium,35535
EV0666,2026-04-16,UTI026,launch,Low,7755
EV0667,2026-04-17,UTI021,stakeholder_request,High,29565
EV0668,2026-04-18,UTI020,launch,Low,7817
EV0669,2026-04-19,UTI014,handoff,Medium,35388
EV0670,2026-04-20,UTI018,stakeholder_request,Medium,13260
EV0671,2026-04-21,UTI012,stakeholder_request,Medium,20201
EV0672,2026-04-22,UTI003,stakeholder_request,Low,46793
EV0673,2026-04-23,UTI014,exception,Medium,40926
EV0674,2026-04-24,UTI003,launch,Low,40248
EV0675,2026-04-25,UTI023,handoff,High,25437
EV0676,2026-04-26,UTI010,stakeholder_request,Medium,16542
EV0677,2026-04-27,UTI011,launch,Medium,20504
EV0678,2026-04-28,UTI002,handoff,Low,17353
EV0679,2026-04-29,UTI014,handoff,Medium,30953
EV0680,2026-04-30,UTI028,launch,Medium,34021
EV0681,2026-05-01,UTI011,handoff,High,16555
EV0682,2026-05-02,UTI004,exception,Medium,44659
EV0683,2026-05-03,UTI008,experiment,Medium,46620
EV0684,2026-05-04,UTI031,launch,High,2994
EV0685,2026-05-05,UTI009,launch,Medium,45817
EV0686,2026-05-06,UTI036,qa_check,Low,36417
EV0687,2026-05-07,UTI015,experiment,Medium,6717
EV0688,2026-05-08,UTI007,exception,Low,29255
EV0689,2026-05-09,UTI018,experiment,Medium,51044
EV0690,2026-05-10,UTI012,launch,Medium,33265
EV0691,2026-05-11,UTI023,handoff,Low,30654
EV0692,2026-05-12,UTI026,launch,Medium,11840
EV0693,2026-05-13,UTI026,launch,Low,7229
EV0694,2026-05-14,UTI010,handoff,Medium,50944
EV0695,2026-05-15,UTI026,qa_check,Medium,14187
EV0696,2026-05-16,UTI014,handoff,High,6752
EV0697,2026-05-17,UTI025,launch,High,27820
EV0698,2026-05-18,UTI019,stakeholder_request,High,32022
EV0699,2026-05-19,UTI022,exception,Medium,44638
EV0700,2026-05-20,UTI035,qa_check,Low,24176
EV0701,2026-01-01,UTI005,launch,High,7443
EV0702,2026-01-02,UTI036,experiment,Low,3607
EV0703,2026-01-03,UTI001,experiment,High,43614
EV0704,2026-01-04,UTI001,exception,Low,31699
EV0705,2026-01-05,UTI018,qa_check,Medium,37116
EV0706,2026-01-06,UTI024,experiment,High,29069
EV0707,2026-01-07,UTI012,qa_check,Low,27724
EV0708,2026-01-08,UTI016,handoff,Low,9028
EV0709,2026-01-09,UTI030,qa_check,Low,46969
EV0710,2026-01-10,UTI016,exception,Medium,5258
EV0711,2026-01-11,UTI016,stakeholder_request,Medium,8800
EV0712,2026-01-12,UTI020,handoff,High,2710
EV0713,2026-01-13,UTI019,qa_check,High,15467
EV0714,2026-01-14,UTI032,qa_check,Low,26222
EV0715,2026-01-15,UTI017,launch,Low,48617
EV0716,2026-01-16,UTI025,stakeholder_request,Medium,26351
EV0717,2026-01-17,UTI005,launch,Medium,24121
EV0718,2026-01-18,UTI005,handoff,Low,25928
EV0719,2026-01-19,UTI024,handoff,Medium,4606
EV0720,2026-01-20,UTI005,handoff,High,12332
EV0721,2026-01-21,UTI011,exception,Medium,3215
EV0722,2026-01-22,UTI022,exception,High,38978
EV0723,2026-01-23,UTI004,handoff,Medium,48079
EV0724,2026-01-24,UTI033,stakeholder_request,Low,21030
EV0725,2026-01-25,UTI013,handoff,Low,44017
EV0726,2026-01-26,UTI031,experiment,Low,49329
EV0727,2026-01-27,UTI026,handoff,Medium,49444
EV0728,2026-01-28,UTI021,exception,Medium,38038
EV0729,2026-01-29,UTI012,stakeholder_request,High,41506
EV0730,2026-01-30,UTI014,exception,Medium,45012
EV0731,2026-01-31,UTI029,experiment,High,44926
EV0732,2026-02-01,UTI003,launch,Medium,28881
EV0733,2026-02-02,UTI025,handoff,High,6581
EV0734,2026-02-03,UTI017,stakeholder_request,Medium,21352
EV0735,2026-02-04,UTI005,stakeholder_request,Medium,33783
EV0736,2026-02-05,UTI016,launch,Medium,45234
EV0737,2026-02-06,UTI004,handoff,Low,17790
EV0738,2026-02-07,UTI035,launch,Low,35682
EV0739,2026-02-08,UTI020,experiment,Medium,33029
EV0740,2026-02-09,UTI029,exception,High,22147
EV0741,2026-02-10,UTI012,launch,Medium,18541
EV0742,2026-02-11,UTI004,stakeholder_request,Low,4567
EV0743,2026-02-12,UTI033,exception,High,29146
EV0744,2026-02-13,UTI035,experiment,Medium,38755
EV0745,2026-02-14,UTI036,handoff,High,26323
EV0746,2026-02-15,UTI013,exception,Medium,16021
EV0747,2026-02-16,UTI030,launch,Low,32811
EV0748,2026-02-17,UTI015,exception,High,12504
EV0749,2026-02-18,UTI015,qa_check,Low,32928
EV0750,2026-02-19,UTI005,stakeholder_request,High,23725
EV0751,2026-02-20,UTI018,launch,Medium,30610
EV0752,2026-02-21,UTI002,experiment,Medium,11364
EV0753,2026-02-22,UTI014,qa_check,High,7666
EV0754,2026-02-23,UTI027,experiment,Low,4746
EV0755,2026-02-24,UTI019,experiment,High,39755
EV0756,2026-02-25,UTI036,experiment,Low,51054
EV0757,2026-02-26,UTI001,stakeholder_request,High,3582
EV0758,2026-02-27,UTI003,handoff,Medium,14257
EV0759,2026-02-28,UTI028,qa_check,High,8307
EV0760,2026-03-01,UTI015,qa_check,Medium,46756
